[{"@type":"mtTask","id":"@1","name":"_DX_KS_EventId_15010","runtimeEnvironmentId":"@io4YrCXd688fHPCM3GOIKW","maxLogs":10,"verbose":false,"lastRunTime":1571395039000,"mappingId":"@3Vk1OXELxhCgajaGwkWJWV","sessionPropertiesList":[],"enableCrossSchemaPushdown":false,"enableParallelRun":false,"autoTunedApplied":false,"autoTunedAppliedType":"NONE","schemaMode":"async","serverlessProperties":{},"taskProperties":[{"@type":"taskProperty","name":"parameterFileDir","currentValue":"","type":"STRING","label":"label.parameterFileDir","required":false},{"@type":"taskProperty","name":"parameterFileName","currentValue":"","type":"STRING","label":"label.parameterFileName","required":false}],"parameters":[{"@type":"mtTaskParameter","id":6509919,"name":"$Source$","type":"EXTENDED_SOURCE","label":"_Src_Conn (_Src_Conn)","description":"","uiProperties":{"cnxtype":"Flat File","connectionParameterized":"true","logcnx":"_Src_Conn","isMsrcFilterParameterized":"false","isMsrcSortParameterized":"false","objlabel":"Prop_DxInputFilePath","objectParameterized":"true","objDesc":""},"sourceConnectionId":"@4GzNvbzy7MMbK0KHW8jpCF","newFlatFile":false,"newObject":false,"showBusinessNames":true,"naturalOrder":true,"truncateTarget":false,"bulkApiDBTarget":false,"srcFFAttrs":{"@type":"flatFileAttrs","id":2240563,"delimiter":",","textQualifier":"\"","headerLineNo":1,"firstDataRow":2},"customFuncCfg":{"@type":"customFuncConfig","id":-1,"connections":[],"inputMap":[],"outputFields":[]},"tgtFieldRefs":{},"targetUpdateColumns":[],"extendedObject":{"@type":"extendedObject","object":{"@type":"mObject","name":"doc7105.bin","label":"doc7105.bin","metadataUpdated":false,"relations":[],"children":[]},"objects":[{"@type":"mObject","name":"doc7105.bin","label":"doc7105.bin","metadataUpdated":false,"relations":[],"children":[]}],"filters":[],"sortFields":[]},"runtimeAttrs":{},"isRESTModernSource":true,"isFileList":true,"handleSpecialChars":false,"frsAsset":false,"dynamicFileName":false,"currentlyProcessedFileName":false,"retainFieldMetadata":false,"tgtObjectAttributes":{},"runtimeParameterData":{"@type":"mtTaskRuntimeParameterData","isConnectionRuntimeParameter":false,"isObjectRuntimeParameter":false,"connectionParameterName":"_Src_Conn","objectParameterName":"Prop_DxInputFilePath"},"overriddenFields":[]},{"@type":"mtTaskParameter","id":6509921,"name":"$Target$","type":"TARGET","label":"Target","uiProperties":{"connectionParameterized":"false","objectParameterized":"false","visible":"false","defaultTargetUpdateColumns":"","supportApplyDDLChanges":"true"},"targetConnectionId":"@7cU8VxV2dmjc2z1YhmLYic","targetObject":"file_prad.out","targetObjectLabel":"file_prad.out","newFlatFile":false,"newObject":true,"showBusinessNames":false,"naturalOrder":true,"newObjectName":"file_prad.out","truncateTarget":false,"bulkApiDBTarget":false,"operationType":"Insert","tgtFFAttrs":{"@type":"flatFileAttrs","id":2240565,"delimiter":",","textQualifier":"\"","escapeChar":"","headerLineNo":1},"customFuncCfg":{"@type":"customFuncConfig","id":-1,"connections":[],"inputMap":[],"outputFields":[]},"tgtFieldRefs":{},"targetUpdateColumns":[],"extendedObject":{"@type":"extendedObject","filters":[],"sortFields":[]},"runtimeAttrs":{},"isRESTModernSource":true,"isFileList":false,"handleSpecialChars":false,"frsAsset":false,"dynamicFileName":false,"currentlyProcessedFileName":false,"retainFieldMetadata":false,"objectName":"file_prad.out","objectLabel":"file_prad.out","tgtObjectAttributes":{},"runtimeParameterData":{"@type":"mtTaskRuntimeParameterData","isConnectionRuntimeParameter":false,"isObjectRuntimeParameter":false},"overriddenFields":[]}],"sequences":[],"inOutParameters":[],"connRuntimeAttrs":[]}]